<?xml version="1.0" encoding="UTF-8"?>
<!DOCTYPE mapper PUBLIC "-//mybatis.org//DTD Mapper 3.0//EN" "http://mybatis.org/dtd/mybatis-3-mapper.dtd">
<mapper namespace="kr.co.mulcam.teamfinder.dao.UsersMapper">
<!--  	<resultMap type="User" id="user_resultMap">
		<result column="join_date" property="joinDate"/>
	</resultMap>  -->
	
	
<!-- 	<select id="getUser" parameterType="java.lang.String" resultMap="user_resultMap">
		select id, name, password, email, join_date from users where id = #{id}
	</select> -->
	<update id="editMember" parameterType="User">
 		update user_list set user_pwd = #{user_newpwd}, region = #{region}, user_image = #{user_image}, user_stack = #{user_stack}, user_email = #{user_email}, user_id = #{user_id}  
		where user_id = #{user_id}
		

	</update>

	<delete id="secession" parameterType="kr.co.mulcam.teamfinder.dto.User">
		DELETE FROM user_list WHERE user_id = #{user_id}
	</delete>
	
	
<!-- 	<select id="getUsers" resultMap="user_resultMap">
		select id, name, password, email, join_date from users
	</select> -->
</mapper>